,ApprovedDate,Counts
0,01/02/2019,1784
1,01/03/2019,2120
2,01/04/2019,1973
3,01/05/2019,781
4,01/06/2019,949
5,01/07/2019,1869
6,01/08/2019,2207
7,01/09/2019,2206
8,01/10/2019,1964
9,01/11/2019,1756
10,01/12/2019,786
11,01/13/2019,825
12,01/14/2019,1917
13,01/15/2019,2181
14,01/16/2019,1874
15,01/17/2019,1833
16,01/18/2019,2044
17,01/19/2019,1162
18,01/20/2019,1321
19,01/21/2019,720
20,01/22/2019,1651
21,01/23/2019,1883
22,01/24/2019,2380
23,01/25/2019,1924
24,01/26/2019,984
25,01/27/2019,1358
26,01/28/2019,1973
27,01/29/2019,2260
28,01/30/2019,2499
29,01/31/2019,2463
30,02/01/2019,2150
31,02/02/2019,1167
32,02/03/2019,1057
33,02/04/2019,1676
34,02/05/2019,1904
35,02/06/2019,2278
36,02/07/2019,2175
37,02/08/2019,2034
38,02/09/2019,634
39,02/10/2019,1078
40,02/11/2019,2034
41,02/12/2019,2273
42,02/13/2019,2383
43,02/14/2019,2170
44,02/15/2019,2098
45,02/16/2019,761
46,02/17/2019,806
47,02/18/2019,232
48,02/19/2019,1892
49,02/20/2019,2887
50,02/21/2019,1893
51,02/22/2019,2223
52,02/23/2019,904
53,02/24/2019,793
54,02/25/2019,2371
55,02/26/2019,2260
56,02/27/2019,2161
57,02/28/2019,2104
58,03/01/2019,2037
59,03/02/2019,586
60,03/03/2019,879
61,03/04/2019,1653
62,03/05/2019,2160
63,03/06/2019,2200
64,03/07/2019,2133
65,03/08/2019,2081
66,03/09/2019,560
67,03/10/2019,575
68,03/11/2019,1873
69,03/12/2019,1751
70,03/13/2019,2577
71,03/14/2019,2530
72,03/15/2019,1814
73,03/16/2019,732
74,03/17/2019,1053
75,03/18/2019,2086
76,03/19/2019,1820
77,03/20/2019,2313
78,03/21/2019,2207
79,03/22/2019,2430
80,03/23/2019,456
81,03/24/2019,781
82,03/25/2019,2307
83,03/26/2019,1782
84,03/27/2019,2478
85,03/28/2019,2469
86,03/29/2019,2326
87,03/30/2019,484
88,03/31/2019,814
89,04/01/2019,1909
90,04/02/2019,2060
91,04/03/2019,2305
92,04/04/2019,2015
93,04/05/2019,2685
94,04/06/2019,676
95,04/07/2019,550
96,04/08/2019,1885
97,04/09/2019,2139
98,04/10/2019,1990
99,04/11/2019,1826
100,04/12/2019,2269
101,04/13/2019,479
102,04/14/2019,738
103,04/15/2019,2172
104,04/16/2019,1917
105,04/17/2019,2504
106,04/18/2019,1966
107,04/19/2019,2224
108,04/20/2019,723
109,04/21/2019,570
110,04/22/2019,2135
111,04/23/2019,2058
112,04/24/2019,2254
113,04/25/2019,2439
114,04/26/2019,2244
115,04/27/2019,727
116,04/28/2019,858
117,04/29/2019,1910
118,04/30/2019,2196
119,05/01/2019,2256
120,05/02/2019,1919
121,05/03/2019,2283
122,05/04/2019,734
123,05/05/2019,783
124,05/06/2019,1917
125,05/07/2019,2236
126,05/08/2019,2187
127,05/09/2019,2275
128,05/10/2019,2171
129,05/11/2019,440
130,05/12/2019,858
131,05/13/2019,2543
132,05/14/2019,1883
133,05/15/2019,2041
134,05/16/2019,1896
135,05/17/2019,2451
136,05/18/2019,514
137,05/19/2019,875
138,05/20/2019,1930
139,05/21/2019,2000
140,05/22/2019,2633
141,05/23/2019,2197
142,05/24/2019,1952
143,05/25/2019,540
144,05/26/2019,937
145,05/27/2019,228
146,05/28/2019,2179
147,05/29/2019,2167
148,05/30/2019,2419
149,05/31/2019,2428
150,06/01/2019,553
151,06/02/2019,748
152,06/03/2019,1842
153,06/04/2019,2134
154,06/05/2019,2330
155,06/06/2019,1863
156,06/07/2019,2035
157,06/08/2019,465
158,06/09/2019,1162
159,06/10/2019,1759
160,06/11/2019,1895
161,06/12/2019,2254
162,06/13/2019,1989
163,06/14/2019,2135
164,06/15/2019,704
165,06/16/2019,726
166,06/17/2019,1775
167,06/18/2019,1686
168,06/19/2019,1763
169,06/20/2019,1912
170,06/21/2019,2249
171,06/22/2019,746
172,06/23/2019,724
173,06/24/2019,1901
174,06/25/2019,2012
175,06/26/2019,2362
176,06/27/2019,2256
177,06/28/2019,1961
178,06/29/2019,496
179,06/30/2019,771
180,07/01/2019,2082
181,07/02/2019,2153
182,07/03/2019,2094
183,07/04/2019,83
184,07/05/2019,1825
185,07/06/2019,1199
186,07/07/2019,815
187,07/08/2019,1174
188,07/09/2019,2416
189,07/10/2019,2194
190,07/11/2019,2104
191,07/12/2019,2243
192,07/13/2019,627
193,07/14/2019,861
194,07/15/2019,1720
195,07/16/2019,2204
196,07/17/2019,2089
197,07/18/2019,2279
198,07/19/2019,1597
199,07/20/2019,682
200,07/21/2019,646
201,07/22/2019,2391
202,07/23/2019,1848
203,07/24/2019,1952
204,07/25/2019,2254
205,07/26/2019,2230
206,07/27/2019,609
207,07/28/2019,567
208,07/29/2019,2551
209,07/30/2019,2414
210,07/31/2019,2041
211,08/01/2019,1874
212,08/02/2019,2125
213,08/03/2019,602
214,08/04/2019,605
215,08/05/2019,1513
216,08/06/2019,2480
217,08/07/2019,2138
218,08/08/2019,2112
219,08/09/2019,2611
220,08/10/2019,393
221,08/11/2019,784
222,08/12/2019,2018
223,08/13/2019,1682
224,08/14/2019,2419
225,08/15/2019,2196
226,08/16/2019,2346
227,08/17/2019,625
228,08/18/2019,860
229,08/19/2019,1768
230,08/20/2019,2156
231,08/21/2019,2157
232,08/22/2019,1979
233,08/23/2019,1842
234,08/24/2019,989
235,08/25/2019,942
236,08/26/2019,1688
237,08/27/2019,1697
238,08/28/2019,2405
239,08/29/2019,2615
240,08/30/2019,2206
241,08/31/2019,664
242,09/01/2019,890
243,09/02/2019,522
244,09/03/2019,2356
245,09/04/2019,1997
246,09/05/2019,2064
247,09/06/2019,1978
248,09/07/2019,499
249,09/08/2019,812
250,09/09/2019,1987
251,09/10/2019,2422
252,09/11/2019,2549
253,09/12/2019,2026
254,09/13/2019,2165
255,09/14/2019,651
256,09/15/2019,639
257,09/16/2019,2101
258,09/17/2019,1632
259,09/18/2019,2075
260,09/19/2019,2050
261,09/20/2019,2137
262,09/21/2019,643
263,09/22/2019,866
264,09/23/2019,2249
265,09/24/2019,1773
266,09/25/2019,2500
267,09/26/2019,2277
268,09/27/2019,2202
269,09/28/2019,640
270,09/29/2019,711
271,09/30/2019,1692
272,10/01/2019,2482
273,10/02/2019,2659
274,10/03/2019,2249
275,10/04/2019,1821
276,10/05/2019,769
277,10/06/2019,984
278,10/07/2019,2066
279,10/08/2019,2099
280,10/09/2019,2245
281,10/10/2019,2608
282,10/11/2019,2092
283,10/12/2019,523
284,10/13/2019,642
285,10/14/2019,305
286,10/15/2019,1802
287,10/16/2019,1617
288,10/17/2019,1798
289,10/18/2019,2002
290,10/19/2019,686
291,10/20/2019,599
292,10/21/2019,1924
293,10/22/2019,1820
294,10/23/2019,1992
295,10/24/2019,2116
296,10/25/2019,9427
297,10/26/2019,449
298,10/27/2019,548
299,10/28/2019,9028
300,10/29/2019,8846
301,10/30/2019,9401
302,10/31/2019,8738
303,11/01/2019,8656
304,11/02/2019,844
305,11/03/2019,902
306,11/04/2019,8947
307,11/05/2019,278
308,11/06/2019,3988
309,11/07/2019,8793
310,11/08/2019,8247
311,11/09/2019,743
312,11/10/2019,972
313,11/11/2019,1332
314,11/12/2019,1565
315,11/13/2019,2404
316,11/14/2019,1839
317,11/15/2019,1879
318,11/16/2019,1083
319,11/17/2019,1298
320,11/18/2019,1816
321,11/19/2019,2005
322,11/20/2019,2211
323,11/21/2019,2113
324,11/22/2019,1573
325,11/23/2019,716
326,11/24/2019,1237
327,11/25/2019,2129
328,11/26/2019,2405
329,11/27/2019,2734
330,11/28/2019,544
331,11/29/2019,1226
332,11/30/2019,702
333,12/01/2019,822
334,12/02/2019,1773
335,12/03/2019,1705
336,12/04/2019,1729
337,12/05/2019,1622
338,12/06/2019,2430
339,12/07/2019,611
340,12/08/2019,977
341,12/09/2019,1834
342,12/10/2019,1761
343,12/11/2019,2323
344,12/12/2019,2541
345,12/13/2019,2071
346,12/14/2019,693
347,12/15/2019,556
348,12/16/2019,2167
349,12/17/2019,2167
350,12/18/2019,2154
351,12/19/2019,1884
352,12/20/2019,1691
353,12/21/2019,649
354,12/22/2019,777
355,12/23/2019,2086
356,12/24/2019,1754
357,12/25/2019,488
358,12/26/2019,1933
359,12/27/2019,1561
360,12/28/2019,529
361,12/29/2019,567
362,12/30/2019,2064
363,12/31/2019,2065
364,01/01/2020,299
365,01/02/2020,1706
366,01/03/2020,2191
367,01/04/2020,426
368,01/05/2020,773
369,01/06/2020,1936
370,01/07/2020,1813
371,01/08/2020,2231
372,01/09/2020,1954
373,01/10/2020,2459
374,01/11/2020,623
375,01/12/2020,495
376,01/13/2020,1682
377,01/14/2020,1932
378,01/15/2020,2324
379,01/16/2020,2458
380,01/17/2020,2133
381,01/18/2020,500
382,01/19/2020,740
383,01/20/2020,324
384,01/21/2020,2176
385,01/22/2020,2364
386,01/23/2020,1283
387,01/24/2020,2080
388,01/25/2020,949
389,01/26/2020,1136
390,01/27/2020,1899
391,01/28/2020,2512
392,01/29/2020,2056
393,01/30/2020,1743
394,01/31/2020,2747
395,02/01/2020,592
396,02/02/2020,1079
397,02/03/2020,2010
398,02/04/2020,2019
399,02/05/2020,2499
400,02/06/2020,2108
401,02/07/2020,1845
402,02/08/2020,507
403,02/09/2020,567
404,02/10/2020,2469
405,02/11/2020,2212
406,02/12/2020,2150
407,02/13/2020,2284
408,02/14/2020,2003
409,02/15/2020,417
410,02/16/2020,857
411,02/17/2020,643
412,02/18/2020,1968
413,02/19/2020,2100
414,02/20/2020,1649
415,02/21/2020,2407
416,02/22/2020,706
417,02/23/2020,736
418,02/24/2020,2296
419,02/25/2020,1473
420,02/26/2020,2172
421,02/27/2020,2057
422,02/28/2020,2152
423,02/29/2020,484
424,03/01/2020,901
425,03/02/2020,1778
426,03/03/2020,1615
427,03/04/2020,1838
428,03/05/2020,1989
429,03/06/2020,2081
430,03/07/2020,612
431,03/08/2020,684
432,03/09/2020,1985
433,03/10/2020,2061
434,03/11/2020,2239
435,03/12/2020,1728
436,03/13/2020,2333
437,03/14/2020,380
438,03/15/2020,782
439,03/16/2020,1652
440,03/17/2020,1261
441,03/18/2020,1462
442,03/19/2020,1140
443,03/20/2020,495
444,03/21/2020,228
445,03/22/2020,158
446,03/23/2020,484
447,03/24/2020,698
448,03/25/2020,603
449,03/26/2020,539
450,03/27/2020,339
451,03/28/2020,265
452,03/29/2020,208
453,03/30/2020,324
454,03/31/2020,501
455,04/01/2020,314
456,04/02/2020,492
457,04/03/2020,706
458,04/04/2020,115
459,04/05/2020,94
460,04/06/2020,384
461,04/07/2020,443
462,04/08/2020,350
463,04/09/2020,471
464,04/10/2020,417
465,04/11/2020,167
466,04/12/2020,166
467,04/13/2020,225
468,04/14/2020,558
469,04/15/2020,395
470,04/16/2020,359
471,04/17/2020,329
472,04/18/2020,181
473,04/19/2020,214
474,04/20/2020,229
475,04/21/2020,279
476,04/22/2020,320
477,04/23/2020,253
478,04/24/2020,375
479,04/25/2020,173
480,04/26/2020,184
481,04/27/2020,243
482,04/28/2020,419
483,04/29/2020,291
484,04/30/2020,244
485,05/01/2020,280
486,05/02/2020,126
487,05/03/2020,337
488,05/04/2020,389
489,05/05/2020,181
490,05/06/2020,317
491,05/07/2020,317
492,05/08/2020,264
493,05/09/2020,199
494,05/10/2020,214
495,05/11/2020,246
496,05/12/2020,429
497,05/13/2020,331
498,05/14/2020,344
499,05/15/2020,327
500,05/16/2020,152
501,05/17/2020,307
502,05/18/2020,270
503,05/19/2020,432
504,05/20/2020,477
505,05/21/2020,429
506,05/22/2020,304
507,05/23/2020,175
508,05/24/2020,408
509,05/25/2020,149
510,05/26/2020,603
511,05/27/2020,732
512,05/28/2020,370
513,05/29/2020,648
514,05/30/2020,278
515,05/31/2020,508
516,06/01/2020,716
517,06/02/2020,1068
518,06/03/2020,1187
519,06/04/2020,1296
520,06/05/2020,1026
521,06/06/2020,716
522,06/07/2020,520
523,06/08/2020,799
524,06/09/2020,1606
525,06/10/2020,1203
526,06/11/2020,865
527,06/12/2020,800
528,06/13/2020,485
529,06/14/2020,476
530,06/15/2020,1239
531,06/16/2020,1423
532,06/17/2020,1455
533,06/18/2020,926
534,06/19/2020,1244
535,06/20/2020,526
536,06/21/2020,771
537,06/22/2020,1097
538,06/23/2020,1057
539,06/24/2020,1118
540,06/25/2020,970
541,06/26/2020,1205
542,06/27/2020,384
543,06/28/2020,740
544,06/29/2020,980
545,06/30/2020,1104
546,07/01/2020,1383
547,07/02/2020,1045
548,07/03/2020,392
549,07/04/2020,468
550,07/05/2020,793
551,07/06/2020,1032
552,07/07/2020,1316
553,07/08/2020,1223
554,07/09/2020,933
555,07/10/2020,1381
556,07/11/2020,689
557,07/12/2020,668
558,07/13/2020,1342
559,07/14/2020,1388
560,07/15/2020,1438
561,07/16/2020,1036
562,07/17/2020,1755
563,07/18/2020,609
564,07/19/2020,759
565,07/20/2020,1548
566,07/21/2020,1080
567,07/22/2020,1202
568,07/23/2020,959
569,07/24/2020,1148
570,07/25/2020,527
571,07/26/2020,939
572,07/27/2020,1064
573,07/28/2020,1699
574,07/29/2020,1965
575,07/30/2020,1431
576,07/31/2020,1875
577,08/01/2020,607
578,08/02/2020,819
579,08/03/2020,1719
580,08/04/2020,1426
581,08/05/2020,1727
582,08/06/2020,1415
583,08/07/2020,1559
584,08/08/2020,809
585,08/09/2020,937
586,08/10/2020,1286
587,08/11/2020,1553
588,08/12/2020,1975
589,08/13/2020,1557
590,08/14/2020,1925
591,08/15/2020,453
592,08/16/2020,882
593,08/17/2020,1767
594,08/18/2020,1478
595,08/19/2020,2065
596,08/20/2020,1807
597,08/21/2020,2278
598,08/22/2020,785
599,08/23/2020,1190
600,08/24/2020,1372
601,08/25/2020,1199
602,08/26/2020,2093
603,08/27/2020,1426
604,08/28/2020,1546
605,08/29/2020,670
606,08/30/2020,1054
607,08/31/2020,2259
608,09/01/2020,1847
609,09/02/2020,2012
610,09/03/2020,1728
611,09/04/2020,1687
612,09/05/2020,913
613,09/06/2020,921
614,09/07/2020,178
615,09/08/2020,1297
616,09/09/2020,1967
617,09/10/2020,1555
618,09/11/2020,1937
619,09/12/2020,513
620,09/13/2020,1015
621,09/14/2020,1719
622,09/15/2020,1460
623,09/16/2020,1831
624,09/17/2020,1990
625,09/18/2020,2197
626,09/19/2020,786
627,09/20/2020,967
628,09/21/2020,1635
629,09/22/2020,1914
630,09/23/2020,1630
631,09/24/2020,1570
632,09/25/2020,1812
633,09/26/2020,535
634,09/27/2020,749
635,09/28/2020,1761
636,09/29/2020,1815
637,09/30/2020,1942
638,10/01/2020,1411
639,10/02/2020,1908
640,10/03/2020,939
641,10/04/2020,1116
642,10/05/2020,1475
643,10/06/2020,1648
644,10/07/2020,1788
645,10/08/2020,1430
646,10/09/2020,1630
647,10/10/2020,532
648,10/11/2020,763
649,10/12/2020,316
650,10/13/2020,1449
651,10/14/2020,1642
652,10/15/2020,1187
653,10/16/2020,1483
654,10/17/2020,397
655,10/18/2020,594
656,10/19/2020,1438
657,10/20/2020,1403
658,10/21/2020,968
659,10/22/2020,1263
660,10/23/2020,1343
661,10/24/2020,462
662,10/25/2020,854
663,10/26/2020,1673
664,10/27/2020,1663
665,10/28/2020,1374
666,10/29/2020,1402
667,10/30/2020,1975
668,10/31/2020,851
669,11/01/2020,571
670,11/02/2020,1549
671,11/03/2020,610
672,11/04/2020,1253
673,11/05/2020,1792
674,11/06/2020,1635
675,11/07/2020,549
676,11/08/2020,537
677,11/09/2020,1613
678,11/10/2020,2584
679,11/11/2020,473
680,11/12/2020,2041
681,11/13/2020,2171
682,11/14/2020,889
683,11/15/2020,715
684,11/16/2020,1533
685,11/17/2020,1686
686,11/18/2020,1999
687,11/19/2020,1635
688,11/20/2020,2285
689,11/21/2020,668
690,11/22/2020,663
691,11/23/2020,1443
692,11/24/2020,1929
693,11/25/2020,1334
694,11/26/2020,349
695,11/27/2020,1223
696,11/28/2020,782
697,11/29/2020,1219
698,11/30/2020,1267
699,12/01/2020,1584
700,12/02/2020,1872
701,12/03/2020,2506
702,12/04/2020,2496
703,12/05/2020,403
704,12/06/2020,881
705,12/07/2020,1649
706,12/08/2020,1878
707,12/09/2020,1953
708,12/10/2020,1689
709,12/11/2020,2154
710,12/12/2020,627
711,12/13/2020,880
712,12/14/2020,1664
713,12/15/2020,2263
714,12/16/2020,2086
715,12/17/2020,1431
716,12/18/2020,1261
717,12/19/2020,694
718,12/20/2020,1072
719,12/21/2020,1734
720,12/22/2020,1613
721,12/23/2020,1696
722,12/24/2020,1538
723,12/25/2020,157
724,12/26/2020,692
725,12/27/2020,842
726,12/28/2020,1482
727,12/29/2020,2008
728,12/30/2020,1697
729,12/31/2020,1982
730,01/01/2021,163
731,01/02/2021,625
732,01/03/2021,1054
733,01/04/2021,1356
734,01/05/2021,1992
735,01/06/2021,1726
736,01/07/2021,1754
737,01/08/2021,1546
738,01/09/2021,773
739,01/10/2021,774
740,01/11/2021,2078
741,01/12/2021,2179
742,01/13/2021,1718
743,01/14/2021,1642
744,01/15/2021,2481
745,01/16/2021,722
746,01/17/2021,760
747,01/18/2021,474
748,01/19/2021,1753
749,01/20/2021,1767
750,01/21/2021,1705
751,01/22/2021,2008
752,01/23/2021,801
753,01/24/2021,764
754,01/25/2021,1298
755,01/26/2021,1445
756,01/27/2021,1571
757,01/28/2021,1726
758,01/29/2021,1606
759,01/30/2021,513
760,01/31/2021,1038
761,02/01/2021,1182
762,02/02/2021,752
763,02/03/2021,1073
764,02/04/2021,1315
765,02/05/2021,1150
766,02/06/2021,632
767,02/07/2021,683
768,02/08/2021,1147
769,02/09/2021,1668
770,02/10/2021,1459
771,02/11/2021,1407
772,02/12/2021,1462
773,02/13/2021,641
774,02/14/2021,1015
775,02/15/2021,474
776,02/16/2021,2185
777,02/17/2021,1502
778,02/18/2021,1335
779,02/19/2021,1536
780,02/20/2021,670
781,02/21/2021,729
782,02/22/2021,1619
783,02/23/2021,1958
784,02/24/2021,1798
785,02/25/2021,2330
786,02/26/2021,2161
787,02/27/2021,529
788,02/28/2021,948
789,03/01/2021,2190
790,03/02/2021,2323
791,03/03/2021,1733
792,03/04/2021,2453
793,03/05/2021,2533
794,03/06/2021,557
795,03/07/2021,1087
796,03/08/2021,2010
797,03/09/2021,2154
798,03/10/2021,1905
799,03/11/2021,1833
800,03/12/2021,1854
801,03/13/2021,799
802,03/14/2021,666
803,03/15/2021,1698
804,03/16/2021,1735
805,03/17/2021,1548
806,03/18/2021,2314
807,03/19/2021,1777
808,03/20/2021,659
809,03/21/2021,774
810,03/22/2021,1684
811,03/23/2021,2042
812,03/24/2021,2062
813,03/25/2021,2800
814,03/26/2021,2431
815,03/27/2021,474
816,03/28/2021,1113
817,03/29/2021,2389
818,03/30/2021,2031
819,03/31/2021,1725
820,04/01/2021,15982
821,04/02/2021,16537
822,04/03/2021,699
823,04/04/2021,620
824,04/05/2021,12274
825,04/06/2021,12179
826,04/07/2021,12653
827,04/08/2021,12523
828,04/09/2021,12920
829,04/10/2021,422
830,04/11/2021,912
831,04/12/2021,12704
832,04/13/2021,12489
833,04/14/2021,12690
834,04/15/2021,12348
835,04/16/2021,11582
836,04/17/2021,467
837,04/18/2021,600
838,04/19/2021,11916
839,04/20/2021,11089
840,04/21/2021,9555
841,04/22/2021,8510
842,04/23/2021,1970
843,04/24/2021,470
844,04/25/2021,686
845,04/26/2021,2193
846,04/27/2021,1768
847,04/28/2021,1541
848,04/29/2021,1977
849,04/30/2021,1934
850,05/01/2021,608
851,05/02/2021,711
852,05/03/2021,1478
853,05/04/2021,1755
854,05/05/2021,1834
855,05/06/2021,1963
856,05/07/2021,2204
857,05/08/2021,696
858,05/09/2021,644
859,05/10/2021,1706
860,05/11/2021,1587
861,05/12/2021,2003
862,05/13/2021,1790
863,05/14/2021,1964
864,05/15/2021,794
865,05/16/2021,746
866,05/17/2021,1574
867,05/18/2021,1653
868,05/19/2021,2383
869,05/20/2021,2259
870,05/21/2021,1835
871,05/22/2021,621
872,05/23/2021,764
873,05/24/2021,1930
874,05/25/2021,2027
875,05/26/2021,1589
876,05/27/2021,1877
877,05/28/2021,2318
878,05/29/2021,549
879,05/30/2021,747
880,05/31/2021,123
881,06/01/2021,1814
882,06/02/2021,1868
883,06/03/2021,1864
884,06/04/2021,2165
885,06/05/2021,580
886,06/06/2021,913
887,06/07/2021,1941
888,06/08/2021,1956
889,06/09/2021,2189
890,06/10/2021,1771
891,06/11/2021,2228
892,06/12/2021,578
893,06/13/2021,677
894,06/14/2021,2137
895,06/15/2021,1794
896,06/16/2021,2267
897,06/17/2021,2062
898,06/18/2021,2328
899,06/19/2021,590
900,06/20/2021,821
901,06/21/2021,1918
902,06/22/2021,2000
903,06/23/2021,1779
904,06/24/2021,2050
905,06/25/2021,2127
906,06/26/2021,503
907,06/27/2021,681
908,06/28/2021,1758
909,06/29/2021,1891
910,06/30/2021,2295
911,07/01/2021,1866
912,07/02/2021,2009
913,07/03/2021,641
914,07/04/2021,783
915,07/05/2021,298
916,07/06/2021,2008
917,07/07/2021,2371
918,07/08/2021,2027
919,07/09/2021,2265
920,07/10/2021,476
921,07/11/2021,487
922,07/12/2021,2127
923,07/13/2021,2087
924,07/14/2021,2555
925,07/15/2021,1890
926,07/16/2021,2942
927,07/17/2021,493
928,07/18/2021,833
929,07/19/2021,1968
930,07/20/2021,2448
931,07/21/2021,2341
932,07/22/2021,2351
933,07/23/2021,2494
934,07/24/2021,526
935,07/25/2021,926
936,07/26/2021,1975
937,07/27/2021,2484
938,07/28/2021,2795
939,07/29/2021,2186
940,07/30/2021,2134
941,07/31/2021,854
942,08/01/2021,1035
943,08/02/2021,1757
944,08/03/2021,1849
945,08/04/2021,2476
946,08/05/2021,2275
947,08/06/2021,2413
948,08/07/2021,455
949,08/08/2021,926
950,08/09/2021,1736
951,08/10/2021,1963
952,08/11/2021,2516
953,08/12/2021,1647
954,08/13/2021,2418
955,08/14/2021,440
956,08/15/2021,880
957,08/16/2021,1575
958,08/17/2021,2398
959,08/18/2021,2244
960,08/19/2021,2266
961,08/20/2021,2457
962,08/21/2021,570
963,08/22/2021,792
964,08/23/2021,1864
965,08/24/2021,2055
966,08/25/2021,2220
967,08/26/2021,2178
968,08/27/2021,1717
969,08/28/2021,1022
970,08/29/2021,1106
971,08/30/2021,2121
972,08/31/2021,2725
973,09/01/2021,2619
974,09/02/2021,2111
975,09/03/2021,2613
976,09/04/2021,1170
977,09/05/2021,1187
978,09/06/2021,403
979,09/07/2021,2449
980,09/08/2021,2924
981,09/09/2021,2379
982,09/10/2021,2879
983,09/11/2021,1156
984,09/12/2021,1572
985,09/13/2021,2229
986,09/14/2021,2492
987,09/15/2021,2330
988,09/16/2021,2896
989,09/17/2021,2370
990,09/18/2021,1422
991,09/19/2021,1398
992,09/20/2021,2073
993,09/21/2021,2453
994,09/22/2021,2786
995,09/23/2021,3022
996,09/24/2021,2452
997,09/25/2021,974
998,09/26/2021,1764
999,09/27/2021,2662
1000,09/28/2021,2268
1001,09/29/2021,2548
1002,09/30/2021,2233
1003,10/01/2021,2571
1004,10/02/2021,1177
1005,10/03/2021,1017
1006,10/04/2021,2314
1007,10/05/2021,3251
1008,10/06/2021,3023
1009,10/07/2021,1908
1010,10/08/2021,3165
1011,10/09/2021,1018
1012,10/10/2021,1257
1013,10/11/2021,432
1014,10/12/2021,2047
1015,10/13/2021,2822
1016,10/14/2021,2078
1017,10/15/2021,2918
1018,10/16/2021,778
1019,10/17/2021,841
1020,10/18/2021,1738
1021,10/19/2021,2398
1022,10/20/2021,2984
1023,10/21/2021,1851
1024,10/22/2021,2245
1025,10/23/2021,499
1026,10/24/2021,1169
1027,10/25/2021,1610
1028,10/26/2021,2320
1029,10/27/2021,2577
1030,10/28/2021,1425
1031,10/29/2021,2528
1032,10/30/2021,765
1033,10/31/2021,1002
1034,11/01/2021,1961
1035,11/02/2021,355
1036,11/03/2021,2209
1037,11/04/2021,2197
1038,11/05/2021,2231
1039,11/06/2021,783
1040,11/07/2021,752
1041,11/08/2021,2252
1042,11/09/2021,1667
1043,11/10/2021,2740
1044,11/11/2021,648
1045,11/12/2021,2118
1046,11/13/2021,899
1047,11/14/2021,1163
1048,11/15/2021,2277
1049,11/16/2021,2004
1050,11/17/2021,2504
1051,11/18/2021,1568
1052,11/19/2021,1786
1053,11/20/2021,831
1054,11/21/2021,1247
1055,11/22/2021,2103
1056,11/23/2021,1788
1057,11/24/2021,2283
1058,11/25/2021,290
1059,11/26/2021,1949
1060,11/27/2021,874
1061,11/28/2021,1048
1062,11/29/2021,1756
1063,11/30/2021,2215
1064,12/01/2021,1965
1065,12/02/2021,1998
1066,12/03/2021,2011
1067,12/04/2021,683
1068,12/05/2021,1202
1069,12/06/2021,1790
1070,12/07/2021,1885
1071,12/08/2021,2416
1072,12/09/2021,1709
1073,12/10/2021,1798
1074,12/11/2021,981
1075,12/12/2021,1174
1076,12/13/2021,2391
1077,12/14/2021,2250
1078,12/15/2021,2623
1079,12/16/2021,1959
1080,12/17/2021,2255
1081,12/18/2021,805
1082,12/19/2021,582
1083,12/20/2021,2194
1084,12/21/2021,2027
1085,12/22/2021,1964
1086,12/23/2021,2176
1087,12/24/2021,322
1088,12/25/2021,583
1089,12/26/2021,761
1090,12/27/2021,2016
1091,12/28/2021,1949
1092,12/29/2021,2034
1093,12/30/2021,1552
1094,12/31/2021,272
1095,01/01/2022,617
1096,01/02/2022,586
1097,01/03/2022,1413
1098,01/04/2022,1414
1099,01/05/2022,1843
1100,01/06/2022,1477
1101,01/07/2022,1298
1102,01/08/2022,784
1103,01/09/2022,702
1104,01/10/2022,1530
1105,01/11/2022,1928
1106,01/12/2022,2254
1107,01/13/2022,1389
1108,01/14/2022,1609
1109,01/15/2022,1018
1110,01/16/2022,1108
1111,01/17/2022,780
1112,01/18/2022,2038
1113,01/19/2022,2181
1114,01/20/2022,1863
1115,01/21/2022,2085
1116,01/22/2022,1068
1117,01/23/2022,882
1118,01/24/2022,1849
1119,01/25/2022,2035
1120,01/26/2022,2632
1121,01/27/2022,2054
1122,01/28/2022,2446
1123,01/29/2022,550
1124,01/30/2022,848
1125,01/31/2022,1693
1126,02/01/2022,1627
1127,02/02/2022,2062
1128,02/03/2022,1834
1129,02/04/2022,1634
1130,02/05/2022,732
1131,02/06/2022,1276
1132,02/07/2022,1952
1133,02/08/2022,1953
1134,02/09/2022,2512
1135,02/10/2022,2329
1136,02/11/2022,2220
1137,02/12/2022,856
1138,02/13/2022,1245
1139,02/14/2022,2739
1140,02/15/2022,12029
1141,02/16/2022,12629
1142,02/17/2022,12651
1143,02/18/2022,12520
1144,02/19/2022,897
1145,02/20/2022,1249
1146,02/21/2022,733
1147,02/22/2022,12539
1148,02/23/2022,13102
1149,02/24/2022,13277
1150,02/25/2022,12707
1151,02/26/2022,743
1152,02/27/2022,1537
1153,02/28/2022,1978
1154,03/01/2022,13761
1155,03/02/2022,12977
1156,03/03/2022,12361
1157,03/04/2022,12734
1158,03/05/2022,970
1159,03/06/2022,908
1160,03/07/2022,2015
1161,03/08/2022,12110
1162,03/09/2022,12278
1163,03/10/2022,9410
1164,03/11/2022,1651
1165,03/12/2022,842
1166,03/13/2022,1054
1167,03/14/2022,2013
1168,03/15/2022,1974
1169,03/16/2022,8403
1170,03/17/2022,7806
1171,03/18/2022,5926
1172,03/19/2022,985
1173,03/20/2022,1092
1174,03/21/2022,2064
1175,03/22/2022,2034
1176,03/23/2022,2505
1177,03/24/2022,2042
1178,03/25/2022,1865
1179,03/26/2022,749
1180,03/27/2022,1045
1181,03/28/2022,2091
1182,03/29/2022,1895
1183,03/30/2022,2508
1184,03/31/2022,2043
1185,04/01/2022,1563
1186,04/02/2022,970
1187,04/03/2022,949
1188,04/04/2022,1659
1189,04/05/2022,1943
1190,04/06/2022,2412
1191,04/07/2022,2101
1192,04/08/2022,1873
1193,04/09/2022,737
1194,04/10/2022,999
1195,04/11/2022,1915
1196,04/12/2022,1981
1197,04/13/2022,2515
1198,04/14/2022,2066
1199,04/15/2022,1801
1200,04/16/2022,741
1201,04/17/2022,796
1202,04/18/2022,1450
1203,04/19/2022,2100
1204,04/20/2022,2137
1205,04/21/2022,2290
1206,04/22/2022,2119
1207,04/23/2022,392
1208,04/24/2022,724
1209,04/25/2022,1448
1210,04/26/2022,1807
1211,04/27/2022,2085
1212,04/28/2022,1631
1213,04/29/2022,2070
1214,04/30/2022,518
1215,05/01/2022,563
1216,05/02/2022,1843
1217,05/03/2022,1748
1218,05/04/2022,2405
1219,05/05/2022,1703
1220,05/06/2022,2014
1221,05/07/2022,957
1222,05/08/2022,810
1223,05/09/2022,1791
1224,05/10/2022,1910
1225,05/11/2022,1877
1226,05/12/2022,1703
1227,05/13/2022,2168
1228,05/14/2022,693
1229,05/15/2022,845
1230,05/16/2022,1697
1231,05/17/2022,1904
1232,05/18/2022,2395
1233,05/19/2022,1515
1234,05/20/2022,1912
1235,05/21/2022,751
1236,05/22/2022,1025
1237,05/23/2022,1575
1238,05/24/2022,2408
1239,05/25/2022,2701
1240,05/26/2022,1793
1241,05/27/2022,2009
1242,05/28/2022,639
1243,05/29/2022,901
1244,05/30/2022,281
1245,05/31/2022,2249
1246,06/01/2022,2544
1247,06/02/2022,2105
1248,06/03/2022,1810
1249,06/04/2022,655
1250,06/05/2022,997
1251,06/06/2022,2102
1252,06/07/2022,2120
1253,06/08/2022,2299
1254,06/09/2022,1868
1255,06/10/2022,2351
1256,06/11/2022,759
1257,06/12/2022,577
1258,06/13/2022,1755
1259,06/14/2022,2076
1260,06/15/2022,2214
1261,06/16/2022,2548
1262,06/17/2022,2246
1263,06/18/2022,682
1264,06/19/2022,903
1265,06/20/2022,277
1266,06/21/2022,1550
1267,06/22/2022,2173
1268,06/23/2022,2027
1269,06/24/2022,2019
1270,06/25/2022,765
1271,06/26/2022,1261
1272,06/27/2022,2186
1273,06/28/2022,2401
1274,06/29/2022,2965
1275,06/30/2022,1825
1276,07/01/2022,2035
1277,07/02/2022,692
1278,07/03/2022,913
1279,07/04/2022,508
1280,07/05/2022,1924
1281,07/06/2022,2078
1282,07/07/2022,1944
1283,07/08/2022,2190
1284,07/09/2022,781
1285,07/10/2022,1148
1286,07/11/2022,1966
1287,07/12/2022,2239
1288,07/13/2022,1916
1289,07/14/2022,1805
1290,07/15/2022,1829
1291,07/16/2022,838
1292,07/17/2022,745
1293,07/18/2022,1509
1294,07/19/2022,2498
1295,07/20/2022,2222
1296,07/21/2022,1698
1297,07/22/2022,2020
1298,07/23/2022,499
1299,07/24/2022,1090
1300,07/25/2022,1791
1301,07/26/2022,1882
1302,07/27/2022,2082
1303,07/28/2022,1678
1304,07/29/2022,1943
1305,07/30/2022,701
1306,07/31/2022,866
1307,08/01/2022,2225
1308,08/02/2022,2535
1309,08/03/2022,2032
1310,08/04/2022,1875
1311,08/05/2022,1779
1312,08/06/2022,1141
1313,08/07/2022,960
1314,08/08/2022,1732
1315,08/09/2022,1627
1316,08/10/2022,1992
1317,08/11/2022,2107
1318,08/12/2022,1866
1319,08/13/2022,650
1320,08/14/2022,1129
1321,08/15/2022,1687
1322,08/16/2022,1881
1323,08/17/2022,2170
1324,08/18/2022,1552
1325,08/19/2022,2168
1326,08/20/2022,539
1327,08/21/2022,988
1328,08/22/2022,2066
1329,08/23/2022,1526
1330,08/24/2022,2417
1331,08/25/2022,2099
1332,08/26/2022,2119
1333,08/27/2022,704
1334,08/28/2022,1285
1335,08/29/2022,1973
1336,08/30/2022,2254
1337,08/31/2022,2166
1338,09/01/2022,2035
1339,09/02/2022,2519
1340,09/03/2022,757
1341,09/04/2022,1202
1342,09/05/2022,424
1343,09/06/2022,1629
1344,09/07/2022,2569
1345,09/08/2022,2206
1346,09/09/2022,2390
1347,09/10/2022,611
1348,09/11/2022,865
1349,09/12/2022,1988
1350,09/13/2022,2910
1351,09/14/2022,2277
1352,09/15/2022,2297
1353,09/16/2022,2303
1354,09/17/2022,716
1355,09/18/2022,1194
1356,09/19/2022,2087
1357,09/20/2022,2556
1358,09/21/2022,1694
1359,09/22/2022,2670
1360,09/23/2022,2123
1361,09/24/2022,826
1362,09/25/2022,1116
1363,09/26/2022,1974
1364,09/27/2022,2333
1365,09/28/2022,1886
1366,09/29/2022,2742
1367,09/30/2022,2369
1368,10/01/2022,804
1369,10/02/2022,1692
1370,10/03/2022,1956
1371,10/04/2022,2220
1372,10/05/2022,1765
1373,10/06/2022,2451
1374,10/07/2022,2002
1375,10/08/2022,971
1376,10/09/2022,1005
1377,10/10/2022,438
1378,10/11/2022,2055
1379,10/12/2022,2997
1380,10/13/2022,2175
1381,10/14/2022,2117
1382,10/15/2022,1189
1383,10/16/2022,1048
1384,10/17/2022,2296
1385,10/18/2022,2037
1386,10/19/2022,2769
1387,10/20/2022,2256
1388,10/21/2022,2094
1389,10/22/2022,887
1390,10/23/2022,948
1391,10/24/2022,2356
1392,10/25/2022,1881
1393,10/26/2022,2598
1394,10/27/2022,2405
1395,10/28/2022,2349
1396,10/29/2022,1101
1397,10/30/2022,1043
1398,10/31/2022,1981
1399,11/01/2022,2000
1400,11/02/2022,9759
1401,11/03/2022,9534
1402,11/04/2022,9592
1403,11/05/2022,1181
1404,11/06/2022,1260
1405,11/07/2022,9407
1406,11/08/2022,308
1407,11/09/2022,9595
1408,11/10/2022,9161
1409,11/11/2022,216
1410,11/12/2022,971
1411,11/13/2022,844
1412,11/14/2022,9611
1413,11/15/2022,8778
1414,11/16/2022,9229
1415,11/17/2022,8777
1416,11/18/2022,8508
1417,11/19/2022,907
1418,11/20/2022,928
1419,11/21/2022,3985
1420,11/22/2022,2218
1421,11/23/2022,2346
1422,11/24/2022,260
1423,11/25/2022,1354
1424,11/26/2022,711
1425,11/27/2022,850
1426,11/28/2022,1740
1427,11/29/2022,1849
1428,11/30/2022,2321
1429,12/01/2022,2260
1430,12/02/2022,1783
1431,12/03/2022,665
1432,12/04/2022,1110
1433,12/05/2022,1944
1434,12/06/2022,2051
1435,12/07/2022,2197
1436,12/08/2022,1820
1437,12/09/2022,1749
1438,12/10/2022,615
1439,12/11/2022,1080
1440,12/12/2022,1638
1441,12/13/2022,1327
1442,12/14/2022,2303
1443,12/15/2022,1780
1444,12/16/2022,2049
1445,12/17/2022,812
1446,12/18/2022,873
1447,12/19/2022,1948
1448,12/20/2022,1873
1449,12/21/2022,2241
1450,12/22/2022,1646
1451,12/23/2022,1587
1452,12/24/2022,874
1453,12/25/2022,1098
1454,12/26/2022,490
1455,12/27/2022,1675
1456,12/28/2022,2387
1457,12/29/2022,2313
1458,12/30/2022,1620
1459,12/31/2022,937
1460,01/01/2023,614
1461,01/02/2023,598
1462,01/03/2023,1834
1463,01/04/2023,2469
1464,01/05/2023,2277
1465,01/06/2023,2119
1466,01/07/2023,777
1467,01/08/2023,1165
1468,01/09/2023,1773
1469,01/10/2023,1817
1470,01/11/2023,2547
1471,01/12/2023,2303
1472,01/13/2023,1825
1473,01/14/2023,1029
1474,01/15/2023,1277
1475,01/16/2023,567
1476,01/17/2023,2359
1477,01/18/2023,2414
1478,01/19/2023,2074
1479,01/20/2023,1858
1480,01/21/2023,848
1481,01/22/2023,998
1482,01/23/2023,1431
1483,01/24/2023,1705
1484,01/25/2023,2456
1485,01/26/2023,2537
1486,01/27/2023,2090
1487,01/28/2023,724
1488,01/29/2023,1172
1489,01/30/2023,1837
1490,01/31/2023,2411
1491,02/01/2023,2496
1492,02/02/2023,2116
1493,02/03/2023,2456
1494,02/04/2023,1396
1495,02/05/2023,1352
1496,02/06/2023,2206
1497,02/07/2023,1661
1498,02/08/2023,2439
1499,02/09/2023,2498
1500,02/10/2023,2562
1501,02/11/2023,647
1502,02/12/2023,1183
1503,02/13/2023,1861
1504,02/14/2023,2220
1505,02/15/2023,2543
1506,02/16/2023,2025
1507,02/17/2023,2330
1508,02/18/2023,1027
1509,02/19/2023,1123
1510,02/20/2023,810
1511,02/21/2023,1623
1512,02/22/2023,2503
1513,02/23/2023,2158
1514,02/24/2023,2416
1515,02/25/2023,725
1516,02/26/2023,1066
1517,02/27/2023,2291
1518,02/28/2023,2465
1519,03/01/2023,2670
1520,03/02/2023,1814
1521,03/03/2023,2259
1522,03/04/2023,810
1523,03/05/2023,1079
1524,03/06/2023,2030
1525,03/07/2023,1867
1526,03/08/2023,2452
1527,03/09/2023,1826
1528,03/10/2023,1864
1529,03/11/2023,869
1530,03/12/2023,993
1531,03/13/2023,2256
1532,03/14/2023,1910
1533,03/15/2023,9353
1534,03/16/2023,8494
1535,03/17/2023,9228
1536,03/18/2023,899
1537,03/19/2023,1043
1538,03/20/2023,8417
1539,03/21/2023,8784
1540,03/22/2023,9301
1541,03/23/2023,8912
1542,03/24/2023,9166
1543,03/25/2023,682
1544,03/26/2023,879
1545,03/27/2023,8977
1546,03/28/2023,8953
1547,03/29/2023,9353
1548,03/30/2023,9170
1549,03/31/2023,9335
1550,04/01/2023,841
1551,04/02/2023,1079
1552,04/03/2023,2277
1553,04/04/2023,1951
1554,04/05/2023,2342
1555,04/06/2023,2000
1556,04/07/2023,2161
1557,04/08/2023,797
1558,04/09/2023,853
1559,04/10/2023,1850
1560,04/11/2023,2320
1561,04/12/2023,2412
1562,04/13/2023,2055
1563,04/14/2023,2101
1564,04/15/2023,627
1565,04/16/2023,657
1566,04/17/2023,1849
1567,04/18/2023,1991
1568,04/19/2023,2326
1569,04/20/2023,2297
1570,04/21/2023,1616
1571,04/22/2023,816
1572,04/23/2023,1193
1573,04/24/2023,1741
1574,04/25/2023,2068
1575,04/26/2023,2622
1576,04/27/2023,1861
1577,04/28/2023,1814
1578,04/29/2023,882
1579,04/30/2023,954
1580,05/01/2023,2082
1581,05/02/2023,2243
1582,05/03/2023,3071
1583,05/04/2023,2292
1584,05/05/2023,2406
1585,05/06/2023,814
1586,05/07/2023,1562
1587,05/08/2023,2071
1588,05/09/2023,1993
1589,05/10/2023,2629
1590,05/11/2023,2317
1591,05/12/2023,2297
1592,05/13/2023,1066
1593,05/14/2023,1409
1594,05/15/2023,2295
1595,05/16/2023,2215
1596,05/17/2023,2429
1597,05/18/2023,2090
1598,05/19/2023,2233
1599,05/20/2023,770
1600,05/21/2023,1178
1601,05/22/2023,1842
1602,05/23/2023,1647
1603,05/24/2023,2453
1604,05/25/2023,2124
1605,05/26/2023,2071
1606,05/27/2023,1397
1607,05/28/2023,1528
1608,05/29/2023,292
1609,05/30/2023,1997
1610,05/31/2023,3053
1611,06/01/2023,2068
1612,06/02/2023,1837
1613,06/03/2023,984
1614,06/04/2023,1278
1615,06/05/2023,2232
1616,06/06/2023,2207
1617,06/07/2023,2849
1618,06/08/2023,1196
1619,06/09/2023,1803
1620,06/10/2023,730
1621,06/11/2023,1462
1622,06/12/2023,1910
1623,06/13/2023,2119
1624,06/14/2023,2419
1625,06/15/2023,2341
1626,06/16/2023,2576
1627,06/17/2023,964
1628,06/18/2023,1161
1629,06/19/2023,826
1630,06/20/2023,1970
1631,06/21/2023,2928
1632,06/22/2023,1954
1633,06/23/2023,1889
1634,06/24/2023,1068
1635,06/25/2023,1193
1636,06/26/2023,2167
1637,06/27/2023,2045
1638,06/28/2023,2740
1639,06/29/2023,2146
1640,06/30/2023,2895
1641,07/01/2023,563
1642,07/02/2023,1058
1643,07/03/2023,2059
1644,07/04/2023,520
1645,07/05/2023,2570
1646,07/06/2023,2082
1647,07/07/2023,1723
1648,07/08/2023,1062
1649,07/09/2023,1521
1650,07/10/2023,1698
1651,07/11/2023,2202
1652,07/12/2023,2661
1653,07/13/2023,2703
1654,07/14/2023,2720
1655,07/15/2023,970
1656,07/16/2023,964
1657,07/17/2023,1952
1658,07/18/2023,2689
1659,07/19/2023,2471
1660,07/20/2023,2160
1661,07/21/2023,2176
1662,07/22/2023,938
1663,07/23/2023,1739
1664,07/24/2023,2279
1665,07/25/2023,1754
1666,07/26/2023,1991
1667,07/27/2023,2470
1668,07/28/2023,2965
1669,07/29/2023,1087
1670,07/30/2023,1103
1671,07/31/2023,2210
1672,08/01/2023,2412
1673,08/02/2023,3674
1674,08/03/2023,1883
1675,08/04/2023,2443
1676,08/05/2023,1006
1677,08/06/2023,1359
1678,08/07/2023,2633
1679,08/08/2023,2466
1680,08/09/2023,2414
1681,08/10/2023,2294
1682,08/11/2023,2541
1683,08/12/2023,1232
1684,08/13/2023,1138
1685,08/14/2023,1991
1686,08/15/2023,2217
1687,08/16/2023,2871
1688,08/17/2023,1407
1689,08/18/2023,2613
1690,08/19/2023,1109
1691,08/20/2023,1328
1692,08/21/2023,2374
1693,08/22/2023,2011
1694,08/23/2023,2724
1695,08/24/2023,1587
1696,08/25/2023,1874
1697,08/26/2023,1105
1698,08/27/2023,1303
1699,08/28/2023,1927
1700,08/29/2023,2197
1701,08/30/2023,2371
1702,08/31/2023,2485
1703,09/01/2023,2363
1704,09/02/2023,1208
1705,09/03/2023,1322
1706,09/04/2023,1682
1707,09/05/2023,1736
1708,09/06/2023,3052
1709,09/07/2023,2207
1710,09/08/2023,2389
1711,09/09/2023,1183
1712,09/10/2023,788
1713,09/11/2023,2284
1714,09/12/2023,2495
1715,09/13/2023,2640
1716,09/14/2023,2643
1717,09/15/2023,1975
1718,09/16/2023,1046
1719,09/17/2023,1193
1720,09/18/2023,2522
1721,09/19/2023,2042
1722,09/20/2023,2151
1723,09/21/2023,3530
1724,09/22/2023,2894
1725,09/23/2023,1297
1726,09/24/2023,1267
1727,09/25/2023,2673
1728,09/26/2023,2894
1729,09/27/2023,3024
1730,09/28/2023,2355
1731,09/29/2023,2291
1732,09/30/2023,1327
1733,10/01/2023,3396
1734,10/02/2023,3909
1735,10/03/2023,2947
1736,10/04/2023,3348
1737,10/05/2023,3251
1738,10/06/2023,3237
1739,10/07/2023,1102
1740,10/08/2023,1960
1741,10/09/2023,1406
1742,10/10/2023,3358
1743,10/11/2023,3330
1744,10/12/2023,2350
1745,10/13/2023,2689
1746,10/14/2023,1601
1747,10/15/2023,1550
1748,10/16/2023,2571
1749,10/17/2023,2160
1750,10/18/2023,3374
1751,10/19/2023,2609
1752,10/20/2023,2772
1753,10/21/2023,1416
1754,10/22/2023,1696
1755,10/23/2023,2494
1756,10/24/2023,2348
1757,10/25/2023,2867
1758,10/26/2023,2810
1759,10/27/2023,2313
1760,10/28/2023,1499
1761,10/29/2023,1530
1762,10/30/2023,1974
1763,10/31/2023,2308
1764,11/01/2023,2463
1765,11/02/2023,3225
1766,11/03/2023,2928
1767,11/04/2023,1171
1768,11/05/2023,1356
1769,11/06/2023,2676
1770,11/07/2023,954
1771,11/08/2023,3668
1772,11/09/2023,2423
1773,11/10/2023,1315
1774,11/11/2023,1232
1775,11/12/2023,1536
1776,11/13/2023,2120
1777,11/14/2023,2336
1778,11/15/2023,10716
1779,11/16/2023,9093
1780,11/17/2023,9708
1781,11/18/2023,1104
1782,11/19/2023,1520
1783,11/20/2023,9505
1784,11/21/2023,9509
1785,11/22/2023,10796
1786,11/23/2023,345
1787,11/24/2023,8994
1788,11/25/2023,1471
1789,11/26/2023,1484
1790,11/27/2023,9119
1791,11/28/2023,9434
1792,11/29/2023,10454
1793,11/30/2023,5597
1794,12/01/2023,2764
1795,12/02/2023,1479
1796,12/03/2023,1624
1797,12/04/2023,2385
1798,12/05/2023,2605
1799,12/06/2023,3663
1800,12/07/2023,3119
1801,12/08/2023,2272
1802,12/09/2023,1421
1803,12/10/2023,1714
1804,12/11/2023,1843
1805,12/12/2023,2070
1806,12/13/2023,2609
1807,12/14/2023,2799
1808,12/15/2023,2614
1809,12/16/2023,1060
1810,12/17/2023,1129
1811,12/18/2023,2290
1812,12/19/2023,2736
1813,12/20/2023,2918
1814,12/21/2023,2168
1815,12/22/2023,2369
1816,12/23/2023,1588
1817,12/24/2023,979
1818,12/25/2023,222
1819,12/26/2023,1755
1820,12/27/2023,3879
1821,12/28/2023,2545
1822,12/29/2023,2518
1823,12/30/2023,1455
1824,12/31/2023,946
1825,01/01/2024,415
1826,01/02/2024,2707
1827,01/03/2024,3428
1828,01/04/2024,2580
1829,01/05/2024,2657
1830,01/06/2024,2731
1831,01/07/2024,1531
1832,01/08/2024,2407
1833,01/09/2024,2394
1834,01/10/2024,4446
1835,01/11/2024,2945
1836,01/12/2024,3419
1837,01/13/2024,1260
1838,01/14/2024,1130
1839,01/15/2024,1474
1840,01/16/2024,2458
1841,01/17/2024,3569
1842,01/18/2024,2917
1843,01/19/2024,2481
1844,01/20/2024,1931
1845,01/21/2024,2570
1846,01/22/2024,2655
1847,01/23/2024,2927
1848,01/24/2024,3695
1849,01/25/2024,2578
1850,01/26/2024,2868
1851,01/27/2024,1691
1852,01/28/2024,1416
1853,01/29/2024,2025
1854,01/30/2024,3159
1855,01/31/2024,3858
1856,02/01/2024,2756
1857,02/02/2024,3163
1858,02/03/2024,1409
1859,02/04/2024,1985
1860,02/05/2024,1954
1861,02/06/2024,2501
1862,02/07/2024,3507
1863,02/08/2024,2651
1864,02/09/2024,2639
1865,02/10/2024,1482
1866,02/11/2024,1329
1867,02/12/2024,2749
1868,02/13/2024,2775
1869,02/14/2024,2995
1870,02/15/2024,2388
1871,02/16/2024,2335
1872,02/17/2024,1880
1873,02/18/2024,1605
1874,02/19/2024,1810
1875,02/20/2024,2386
1876,02/21/2024,3221
1877,02/22/2024,3059
1878,02/23/2024,2411
1879,02/24/2024,750
1880,02/25/2024,1376
1881,02/26/2024,2905
1882,02/27/2024,2084
1883,02/28/2024,3395
1884,02/29/2024,2090
1885,03/01/2024,2616
1886,03/02/2024,1290
1887,03/03/2024,1667
1888,03/04/2024,2684
1889,03/05/2024,2498
1890,03/06/2024,3159
1891,03/07/2024,2590
1892,03/08/2024,2841
1893,03/09/2024,1202
1894,03/10/2024,1155
1895,03/11/2024,2165
1896,03/12/2024,3210
1897,03/13/2024,3293
1898,03/14/2024,2666
1899,03/15/2024,2520
1900,03/16/2024,1373
1901,03/17/2024,1791
1902,03/18/2024,2438
1903,03/19/2024,2468
1904,03/20/2024,4060
1905,03/21/2024,2507
1906,03/22/2024,2472
1907,03/23/2024,1578
1908,03/24/2024,1961
1909,03/25/2024,2969
1910,03/26/2024,2842
1911,03/27/2024,3197
1912,03/28/2024,2401
1913,03/29/2024,2583
1914,03/30/2024,1289
1915,03/31/2024,1701
1916,04/01/2024,10061
1917,04/02/2024,9630
1918,04/03/2024,10619
1919,04/04/2024,2548
1920,04/05/2024,3175
1921,04/06/2024,1091
1922,04/07/2024,1230
1923,04/08/2024,9639
1924,04/09/2024,9427
1925,04/10/2024,10204
1926,04/11/2024,10004
1927,04/12/2024,9873
1928,04/13/2024,1697
1929,04/14/2024,1135
1930,04/15/2024,9522
1931,04/16/2024,9709
1932,04/17/2024,9816
1933,04/18/2024,3106
1934,04/19/2024,2855
1935,04/20/2024,1756
1936,04/21/2024,1557
1937,04/22/2024,3085
1938,04/23/2024,2523
1939,04/24/2024,3507
1940,04/25/2024,2625
1941,04/26/2024,2082
1942,04/27/2024,1249
1943,04/28/2024,1710
1944,04/29/2024,2267
1945,04/30/2024,2856
1946,05/01/2024,3175
1947,05/02/2024,2726
1948,05/03/2024,2672
1949,05/04/2024,1188
1950,05/05/2024,1205
1951,05/06/2024,2407
1952,05/07/2024,1972
1953,05/08/2024,3641
1954,05/09/2024,2038
1955,05/10/2024,2499
1956,05/11/2024,1623
1957,05/12/2024,1547
1958,05/13/2024,2470
1959,05/14/2024,2273
1960,05/15/2024,3668
1961,05/16/2024,2288
1962,05/17/2024,3223
1963,05/18/2024,1547
1964,05/19/2024,1310
1965,05/20/2024,3029
1966,05/21/2024,2551
1967,05/22/2024,3222
1968,05/23/2024,2334
1969,05/24/2024,2571
1970,05/25/2024,1082
1971,05/26/2024,1388
1972,05/27/2024,1421
1973,05/28/2024,2254
1974,05/29/2024,3333
1975,05/30/2024,2131
1976,05/31/2024,2948
1977,06/01/2024,1487
1978,06/02/2024,1539
1979,06/03/2024,2876
1980,06/04/2024,3175
1981,06/05/2024,3266
1982,06/06/2024,2272
1983,06/07/2024,2550
1984,06/08/2024,2087
1985,06/09/2024,1662
1986,06/10/2024,2311
1987,06/11/2024,2888
1988,06/12/2024,4120
1989,06/13/2024,2665
1990,06/14/2024,2691
1991,06/15/2024,950
1992,06/16/2024,1314
1993,06/17/2024,2554
1994,06/18/2024,2655
1995,06/19/2024,1434
1996,06/20/2024,2058
1997,06/21/2024,2349
1998,06/22/2024,1817
1999,06/23/2024,1440
2000,06/24/2024,2673
2001,06/25/2024,2143
2002,06/26/2024,2814
2003,06/27/2024,2704
2004,06/28/2024,3405
2005,06/29/2024,907
2006,06/30/2024,1467
2007,07/01/2024,2714
2008,07/02/2024,3355
2009,07/03/2024,3166
2010,07/04/2024,1763
2011,07/05/2024,2037
2012,07/06/2024,1904
2013,07/07/2024,1844
2014,07/08/2024,2287
2015,07/09/2024,2337
2016,07/10/2024,3026
2017,07/11/2024,904
2018,07/12/2024,354
2019,07/14/2024,931
2020,07/15/2024,3448
2021,07/16/2024,3302
2022,07/17/2024,3882
2023,07/18/2024,3026
2024,07/19/2024,1099
2025,07/20/2024,1921
2026,07/21/2024,1829
2027,07/22/2024,1795
2028,07/23/2024,2348
2029,07/24/2024,3669
2030,07/25/2024,2510
2031,07/26/2024,2830
2032,07/27/2024,1285
2033,07/28/2024,1429
2034,07/29/2024,3514
2035,07/30/2024,2763
2036,07/31/2024,3043
2037,08/01/2024,2439
2038,08/02/2024,2875
2039,08/03/2024,1057
2040,08/04/2024,1582
2041,08/05/2024,2257
2042,08/06/2024,2258
2043,08/07/2024,3409
2044,08/08/2024,2099
2045,08/09/2024,2914
2046,08/10/2024,1325
2047,08/11/2024,1382
2048,08/12/2024,3142
2049,08/13/2024,3289
2050,08/14/2024,3558
2051,08/15/2024,3661
2052,08/16/2024,2530
2053,08/17/2024,1579
2054,08/18/2024,1057
2055,08/19/2024,2781
2056,08/20/2024,2748
2057,08/21/2024,3617
2058,08/22/2024,2834
2059,08/23/2024,2701
2060,08/24/2024,990
2061,08/25/2024,775
2062,08/26/2024,2464
2063,08/27/2024,1933
2064,08/28/2024,2877
2065,08/29/2024,2227
2066,08/30/2024,3778
2067,08/31/2024,1783
2068,09/01/2024,1384
2069,09/02/2024,1470
2070,09/03/2024,3406
2071,09/04/2024,3359
2072,09/05/2024,2663
2073,09/06/2024,2958
2074,09/07/2024,1204
2075,09/08/2024,1308
2076,09/09/2024,2602
2077,09/10/2024,2482
2078,09/11/2024,3582
2079,09/12/2024,2216
2080,09/13/2024,2761
2081,09/14/2024,1729
2082,09/15/2024,2304
2083,09/16/2024,2718
2084,09/17/2024,2365
2085,09/18/2024,3235
2086,09/19/2024,3285
2087,09/20/2024,3223
2088,09/21/2024,1577
2089,09/22/2024,1495
2090,09/23/2024,2424
2091,09/24/2024,2720
2092,09/25/2024,4209
2093,09/26/2024,2552
2094,09/27/2024,2689
2095,09/28/2024,1556
2096,09/29/2024,1669
2097,09/30/2024,2034
2098,10/01/2024,2299
2099,10/02/2024,2618
2100,10/03/2024,3087
2101,10/04/2024,2574
2102,10/05/2024,1552
2103,10/06/2024,1740
2104,10/07/2024,1650
2105,10/08/2024,4312
2106,10/09/2024,3114
2107,10/10/2024,2636
2108,10/11/2024,1975
2109,10/12/2024,1817
2110,10/13/2024,1886
2111,10/14/2024,1572
2112,10/15/2024,2382
2113,10/16/2024,3565
2114,10/17/2024,2467
2115,10/18/2024,2561
2116,10/19/2024,995
2117,10/20/2024,1095
2118,10/21/2024,2012
2119,10/22/2024,3118
2120,10/23/2024,3595
2121,10/24/2024,2972
2122,10/25/2024,2558
2123,10/26/2024,1755
2124,10/27/2024,1500
2125,10/28/2024,1898
2126,10/29/2024,2488
2127,10/30/2024,3504
2128,10/31/2024,2735
2129,11/01/2024,2726
2130,11/02/2024,1434
2131,11/03/2024,1187
2132,11/04/2024,2839
2133,11/05/2024,767
2134,11/06/2024,3950
2135,11/07/2024,2236
2136,11/08/2024,2823
2137,11/09/2024,1296
2138,11/10/2024,1558
2139,11/11/2024,1355
2140,11/12/2024,2187
2141,11/13/2024,2834
2142,11/14/2024,2782
2143,11/15/2024,1890
2144,11/16/2024,1486
2145,11/17/2024,1261
2146,11/18/2024,3320
2147,11/19/2024,2297
2148,11/20/2024,2918
2149,11/21/2024,2169
2150,11/22/2024,9771
2151,11/23/2024,1327
2152,11/24/2024,1744
2153,11/25/2024,9175
2154,11/26/2024,9512
2155,11/27/2024,10799
2156,11/28/2024,1461
2157,11/29/2024,9624
2158,11/30/2024,1583
2159,12/01/2024,1420
2160,12/02/2024,10326
2161,12/03/2024,10125
2162,12/04/2024,10562
2163,12/05/2024,8585
2164,12/06/2024,2502
2165,12/07/2024,2107
2166,12/08/2024,1193
2167,12/09/2024,2677
2168,12/10/2024,2298
2169,12/11/2024,4034
2170,12/12/2024,2238
2171,12/13/2024,2609
2172,12/14/2024,1092
2173,12/15/2024,1671
2174,12/16/2024,2854
2175,12/17/2024,2716
2176,12/18/2024,2476
2177,12/19/2024,2210
2178,12/20/2024,1980
2179,12/21/2024,1542
2180,12/22/2024,2189
2181,12/23/2024,2215
2182,12/24/2024,1728
2183,12/25/2024,362
2184,12/26/2024,2499
2185,12/27/2024,2233
2186,12/28/2024,1362
2187,12/29/2024,1094
2188,12/30/2024,2718
2189,12/31/2024,1956
